{
  "eval": {
    "q_learning": {
      "mean": 8923.8275,
      "std": 2119.7180311290817,
      "p10": 6084.05,
      "p90": 12027.15,
      "stockout_rate": 0.006153846153846154,
      "fill_rate": 0.9975872295566116,
      "regime_stockout": {
        "0": 0.00349428208386277,
        "1": 0.0038140643623361145,
        "2": 0.012103369316323193
      }
    },
    "s_S_rule": {
      "mean": 8881.825,
      "std": 1611.5546226780525,
      "p10": 6691.7,
      "p90": 11371.199999999999,
      "stockout_rate": 0.09923076923076923,
      "fill_rate": 0.9710893152147243,
      "regime_stockout": {
        "0": 0.01397712833545108,
        "1": 0.0631704410011919,
        "2": 0.2365063788027478
      }
    },
    "random": {
      "mean": 7222.62,
      "std": 1555.3911873223406,
      "p10": 5319.400000000001,
      "p90": 9191.0,
      "stockout_rate": 0.12951923076923078,
      "fill_rate": 0.9315308261099864,
      "regime_stockout": {
        "0": 0.02573062261753494,
        "1": 0.0829558998808105,
        "2": 0.30029440628066734
      }
    }
  },
  "edge": {
    "q_learning": {
      "mean": 9508.52,
      "std": 2223.7873008900824
    },
    "s_S_rule": {
      "mean": 9372.39,
      "std": 1727.374407272494
    },
    "random": {
      "mean": 7188.62,
      "std": 1699.7547045382755
    }
  },
  "shock": {
    "q_learning": {
      "mean": 9093.19,
      "std": 1811.9767407171648
    },
    "s_S_rule": {
      "mean": 8944.52,
      "std": 1373.198794639727
    },
    "random": {
      "mean": 7455.52,
      "std": 1315.1644116231248
    }
  },
  "training_time_s": 0.9545044898986816
}